[{"name":"Brianna Ortega","age":34,"gender":"female","email":"briannaortega@automon.com","phone":"+1 (860) 502-3960","street":"684 Elliott Place","city":"Roy","state":"Georgia, 9653"},{"name":"Geraldine Delaney","age":28,"gender":"female","email":"geraldinedelaney@automon.com","phone":"+1 (988) 484-3612","street":"365 Portal Street","city":"Broadlands","state":"New Jersey, 7427"},{"name":"Amalia Price","age":62,"gender":"female","email":"amaliaprice@automon.com","phone":"+1 (814) 470-3092","street":"718 Jefferson Avenue","city":"Wyano","state":"Texas, 1367"},{"name":"Rita Lee","age":56,"gender":"female","email":"ritalee@automon.com","phone":"+1 (998) 478-3695","street":"559 Fayette Street","city":"Fairfield","state":"Palau, 7768"},{"name":"Myra Greene","age":55,"gender":"female","email":"myragreene@automon.com","phone":"+1 (862) 499-3222","street":"102 Bowery Street","city":"Rockingham","state":"Puerto Rico, 9060"},{"name":"Espinoza Schneider","age":38,"gender":"male","email":"espinozaschneider@automon.com","phone":"+1 (846) 545-3415","street":"745 Wolf Place","city":"Disautel","state":"Marshall Islands, 7448"},{"name":"Mcfadden Knox","age":40,"gender":"male","email":"mcfaddenknox@automon.com","phone":"+1 (865) 549-2283","street":"889 Plymouth Street","city":"Lowgap","state":"Hawaii, 8970"},{"name":"Vance Oneil","age":52,"gender":"male","email":"vanceoneil@automon.com","phone":"+1 (883) 569-3302","street":"229 Albemarle Road","city":"Bawcomville","state":"Idaho, 2337"},{"name":"Sally Rivers","age":44,"gender":"female","email":"sallyrivers@automon.com","phone":"+1 (869) 459-3853","street":"615 Fleet Street","city":"Tedrow","state":"Connecticut, 7640"},{"name":"Copeland Downs","age":61,"gender":"male","email":"copelanddowns@automon.com","phone":"+1 (827) 529-3096","street":"875 Bowne Street","city":"Windsor","state":"North Carolina, 8538"},{"name":"Kennedy Jacobs","age":70,"gender":"male","email":"kennedyjacobs@automon.com","phone":"+1 (959) 478-3093","street":"163 Veronica Place","city":"Munjor","state":"Tennessee, 8633"},{"name":"Montgomery Higgins","age":28,"gender":"male","email":"montgomeryhiggins@automon.com","phone":"+1 (871) 419-2191","street":"836 Gerald Court","city":"Zeba","state":"Kansas, 7979"},{"name":"Ratliff Mccormick","age":68,"gender":"male","email":"ratliffmccormick@automon.com","phone":"+1 (864) 464-3904","street":"100 Nostrand Avenue","city":"Basye","state":"American Samoa, 3506"},{"name":"Rachel Gonzalez","age":67,"gender":"female","email":"rachelgonzalez@automon.com","phone":"+1 (812) 413-2445","street":"582 Cumberland Walk","city":"Belfair","state":"Louisiana, 7695"},{"name":"Ewing Bonner","age":53,"gender":"male","email":"ewingbonner@automon.com","phone":"+1 (889) 446-2910","street":"773 Will Place","city":"Datil","state":"Pennsylvania, 3487"},{"name":"Britt Davidson","age":34,"gender":"male","email":"brittdavidson@automon.com","phone":"+1 (903) 511-2544","street":"174 Doone Court","city":"Hardyville","state":"Delaware, 7979"},{"name":"Sherry Bell","age":71,"gender":"female","email":"sherrybell@automon.com","phone":"+1 (932) 435-2215","street":"209 Kiely Place","city":"Wadsworth","state":"Iowa, 1193"},{"name":"Maryellen Hobbs","age":22,"gender":"female","email":"maryellenhobbs@automon.com","phone":"+1 (949) 552-3776","street":"289 Anthony Street","city":"Templeton","state":"Arizona, 552"},{"name":"Carla Whitaker","age":62,"gender":"female","email":"carlawhitaker@automon.com","phone":"+1 (967) 507-3133","street":"818 Lewis Place","city":"Roeville","state":"Arkansas, 5763"},{"name":"Phelps May","age":70,"gender":"male","email":"phelpsmay@automon.com","phone":"+1 (913) 467-2125","street":"266 Sullivan Street","city":"Stewartville","state":"Alabama, 3169"},{"name":"Kay Lyons","age":44,"gender":"female","email":"kaylyons@automon.com","phone":"+1 (932) 487-2283","street":"337 Pershing Loop","city":"Noxen","state":"Northern Mariana Islands, 9398"},{"name":"Nancy Little","age":68,"gender":"female","email":"nancylittle@automon.com","phone":"+1 (985) 598-3663","street":"200 Hyman Court","city":"Bennett","state":"Nebraska, 984"},{"name":"Holman Aguilar","age":58,"gender":"male","email":"holmanaguilar@automon.com","phone":"+1 (905) 520-3467","street":"937 Dodworth Street","city":"Oretta","state":"Illinois, 2770"},{"name":"Joyner Duke","age":47,"gender":"male","email":"joynerduke@automon.com","phone":"+1 (802) 557-3268","street":"301 Noll Street","city":"Navarre","state":"Minnesota, 845"},{"name":"Lola Gallegos","age":20,"gender":"female","email":"lolagallegos@automon.com","phone":"+1 (881) 527-2122","street":"897 Ryerson Street","city":"Weogufka","state":"Oklahoma, 9900"},{"name":"Mercer Meadows","age":50,"gender":"male","email":"mercermeadows@automon.com","phone":"+1 (865) 513-2312","street":"899 Beacon Court","city":"Coleville","state":"Utah, 3828"},{"name":"Celeste Sweet","age":49,"gender":"female","email":"celestesweet@automon.com","phone":"+1 (944) 546-3452","street":"747 Arlington Avenue","city":"Robbins","state":"Virgin Islands, 9190"},{"name":"Betty Warner","age":51,"gender":"female","email":"bettywarner@automon.com","phone":"+1 (812) 426-2583","street":"369 Holmes Lane","city":"Aguila","state":"District Of Columbia, 8899"},{"name":"Morin Kemp","age":35,"gender":"male","email":"morinkemp@automon.com","phone":"+1 (972) 592-3586","street":"180 Hamilton Walk","city":"Mayfair","state":"West Virginia, 4341"},{"name":"Ferrell Workman","age":25,"gender":"male","email":"ferrellworkman@automon.com","phone":"+1 (869) 553-2770","street":"549 Barbey Street","city":"Buxton","state":"Nevada, 3653"},{"name":"Lucille Pollard","age":74,"gender":"female","email":"lucillepollard@automon.com","phone":"+1 (856) 447-3605","street":"478 Ainslie Street","city":"Summerfield","state":"New York, 342"},{"name":"Russo Vang","age":21,"gender":"male","email":"russovang@automon.com","phone":"+1 (870) 423-2195","street":"839 Ashford Street","city":"Dunlo","state":"Alaska, 4435"},{"name":"Ola Freeman","age":31,"gender":"female","email":"olafreeman@automon.com","phone":"+1 (929) 543-2192","street":"527 Hendrix Street","city":"Glendale","state":"South Carolina, 8215"},{"name":"Soto Landry","age":50,"gender":"male","email":"sotolandry@automon.com","phone":"+1 (968) 599-2846","street":"291 Trucklemans Lane","city":"Fedora","state":"New Mexico, 448"},{"name":"Lakisha Moss","age":30,"gender":"female","email":"lakishamoss@automon.com","phone":"+1 (808) 572-3007","street":"432 Harkness Avenue","city":"Warsaw","state":"Washington, 7711"},{"name":"Mejia Ochoa","age":25,"gender":"male","email":"mejiaochoa@automon.com","phone":"+1 (947) 540-2649","street":"721 Independence Avenue","city":"Weedville","state":"Massachusetts, 2434"},{"name":"Joyce Barr","age":69,"gender":"female","email":"joycebarr@automon.com","phone":"+1 (993) 486-2216","street":"475 Norman Avenue","city":"Bluffview","state":"Kentucky, 3294"},{"name":"Bullock Salazar","age":20,"gender":"male","email":"bullocksalazar@automon.com","phone":"+1 (946) 473-3760","street":"205 Jewel Street","city":"Bladensburg","state":"Michigan, 4851"},{"name":"Stokes Jacobson","age":48,"gender":"male","email":"stokesjacobson@automon.com","phone":"+1 (823) 467-3912","street":"938 Highland Avenue","city":"Ticonderoga","state":"Rhode Island, 4882"},{"name":"Stanley Gilliam","age":18,"gender":"male","email":"stanleygilliam@automon.com","phone":"+1 (916) 418-3862","street":"569 Clarendon Road","city":"Movico","state":"Mississippi, 172"},{"name":"Morgan Carver","age":30,"gender":"female","email":"morgancarver@automon.com","phone":"+1 (840) 594-3778","street":"710 Cornelia Street","city":"Carrizo","state":"Guam, 4494"},{"name":"Rojas Grant","age":32,"gender":"male","email":"rojasgrant@automon.com","phone":"+1 (889) 437-2575","street":"718 Everit Street","city":"Maplewood","state":"Ohio, 611"},{"name":"Alejandra Shaw","age":31,"gender":"female","email":"alejandrashaw@automon.com","phone":"+1 (991) 476-3037","street":"821 Legion Street","city":"Cedarville","state":"Wyoming, 6844"},{"name":"Donovan Caldwell","age":65,"gender":"male","email":"donovancaldwell@automon.com","phone":"+1 (802) 463-3426","street":"751 Hendrickson Place","city":"Calpine","state":"Wisconsin, 9556"},{"name":"Riggs Wells","age":74,"gender":"male","email":"riggswells@automon.com","phone":"+1 (953) 408-2985","street":"895 Seton Place","city":"Brooktrails","state":"Vermont, 1876"},{"name":"Sutton Hatfield","age":22,"gender":"male","email":"suttonhatfield@automon.com","phone":"+1 (819) 422-2631","street":"763 Minna Street","city":"Cumminsville","state":"South Dakota, 2974"},{"name":"Oneal Middleton","age":44,"gender":"male","email":"onealmiddleton@automon.com","phone":"+1 (969) 424-3924","street":"588 Main Street","city":"Ferney","state":"Colorado, 3465"},{"name":"Chang Brennan","age":36,"gender":"male","email":"changbrennan@automon.com","phone":"+1 (827) 437-3446","street":"381 Cambridge Place","city":"Wintersburg","state":"New Hampshire, 3808"},{"name":"Randall Holden","age":70,"gender":"male","email":"randallholden@automon.com","phone":"+1 (936) 453-3231","street":"134 Eastern Parkway","city":"Barclay","state":"Oregon, 2620"},{"name":"Coffey Holmes","age":72,"gender":"male","email":"coffeyholmes@automon.com","phone":"+1 (821) 525-2590","street":"112 Lancaster Avenue","city":"Rehrersburg","state":"North Dakota, 9645"},{"name":"Maggie Chaney","age":26,"gender":"female","email":"maggiechaney@automon.com","phone":"+1 (909) 437-3125","street":"753 Balfour Place","city":"Barrelville","state":"California, 9995"},{"name":"Sasha Barron","age":28,"gender":"female","email":"sashabarron@automon.com","phone":"+1 (893) 495-2231","street":"425 Stuyvesant Avenue","city":"Gwynn","state":"Indiana, 5254"},{"name":"Noemi Chan","age":58,"gender":"female","email":"noemichan@automon.com","phone":"+1 (988) 406-2146","street":"672 Irving Street","city":"Dotsero","state":"Florida, 6149"},{"name":"Burton Velazquez","age":48,"gender":"male","email":"burtonvelazquez@automon.com","phone":"+1 (978) 404-2870","street":"875 Kingsway Place","city":"Gadsden","state":"Virginia, 5838"},{"name":"Ellis Kirk","age":48,"gender":"male","email":"elliskirk@automon.com","phone":"+1 (957) 456-2741","street":"121 Harman Street","city":"Motley","state":"Montana, 3003"},{"name":"Gwen Pacheco","age":66,"gender":"female","email":"gwenpacheco@automon.com","phone":"+1 (920) 511-2730","street":"401 Sedgwick Street","city":"Ogema","state":"Maryland, 9690"},{"name":"Rene Fuller","age":73,"gender":"female","email":"renefuller@automon.com","phone":"+1 (876) 525-3998","street":"172 Bryant Street","city":"Jacksonwald","state":"Federated States Of Micronesia, 8745"},{"name":"Kramer Garrett","age":20,"gender":"male","email":"kramergarrett@automon.com","phone":"+1 (841) 487-2116","street":"671 Grove Street","city":"Highland","state":"Maine, 9144"},{"name":"Josie Wilcox","age":62,"gender":"female","email":"josiewilcox@automon.com","phone":"+1 (831) 564-3557","street":"584 Cobek Court","city":"Lawrence","state":"Georgia, 2801"},{"name":"Raquel David","age":66,"gender":"female","email":"raqueldavid@automon.com","phone":"+1 (971) 419-3606","street":"310 Charles Place","city":"Belvoir","state":"New Jersey, 7301"},{"name":"Melinda Ellison","age":68,"gender":"female","email":"melindaellison@automon.com","phone":"+1 (894) 481-3767","street":"237 Roosevelt Court","city":"Nogal","state":"Texas, 6673"},{"name":"Alyce Newman","age":41,"gender":"female","email":"alycenewman@automon.com","phone":"+1 (977) 568-2671","street":"523 Stewart Street","city":"Blackgum","state":"Palau, 3539"},{"name":"Winifred Ratliff","age":60,"gender":"female","email":"winifredratliff@automon.com","phone":"+1 (850) 514-3989","street":"917 Bedell Lane","city":"Greenfields","state":"Puerto Rico, 4982"},{"name":"Welch Romero","age":68,"gender":"male","email":"welchromero@automon.com","phone":"+1 (878) 577-3948","street":"201 Robert Street","city":"Stockwell","state":"Marshall Islands, 9259"},{"name":"Amber Spencer","age":52,"gender":"female","email":"amberspencer@automon.com","phone":"+1 (868) 514-3189","street":"240 Whitney Avenue","city":"Denio","state":"Hawaii, 1870"},{"name":"Sweet Hale","age":56,"gender":"male","email":"sweethale@automon.com","phone":"+1 (923) 570-2495","street":"637 Rost Place","city":"Dexter","state":"Idaho, 1944"},{"name":"Phoebe Drake","age":35,"gender":"female","email":"phoebedrake@automon.com","phone":"+1 (835) 523-3563","street":"703 Homecrest Court","city":"Trexlertown","state":"Connecticut, 951"},{"name":"Christensen Roberson","age":72,"gender":"male","email":"christensenroberson@automon.com","phone":"+1 (909) 438-3392","street":"229 Montauk Avenue","city":"Harleigh","state":"North Carolina, 3036"},{"name":"Lauri Alvarez","age":62,"gender":"female","email":"laurialvarez@automon.com","phone":"+1 (871) 580-3261","street":"558 Tennis Court","city":"Churchill","state":"Tennessee, 2991"},{"name":"Freeman Norman","age":28,"gender":"male","email":"freemannorman@automon.com","phone":"+1 (832) 475-3730","street":"951 Mill Avenue","city":"Finzel","state":"Kansas, 7829"},{"name":"Tucker Roach","age":53,"gender":"male","email":"tuckerroach@automon.com","phone":"+1 (944) 550-2362","street":"130 Catherine Street","city":"Fairlee","state":"American Samoa, 5255"},{"name":"Gay Donovan","age":35,"gender":"female","email":"gaydonovan@automon.com","phone":"+1 (873) 439-2081","street":"241 McKinley Avenue","city":"Fowlerville","state":"Louisiana, 1448"},{"name":"Moran Clarke","age":45,"gender":"male","email":"moranclarke@automon.com","phone":"+1 (917) 594-3858","street":"992 Hampton Place","city":"Stollings","state":"Pennsylvania, 4006"},{"name":"Desiree Rush","age":27,"gender":"female","email":"desireerush@automon.com","phone":"+1 (917) 480-2799","street":"220 Oakland Place","city":"Robinson","state":"Delaware, 6425"},{"name":"Sallie Myers","age":30,"gender":"female","email":"salliemyers@automon.com","phone":"+1 (888) 496-2522","street":"734 Kenilworth Place","city":"Beaverdale","state":"Iowa, 3971"},{"name":"Leola Mann","age":69,"gender":"female","email":"leolamann@automon.com","phone":"+1 (950) 496-2147","street":"688 Claver Place","city":"Coral","state":"Arizona, 2784"},{"name":"Hannah Crawford","age":66,"gender":"female","email":"hannahcrawford@automon.com","phone":"+1 (871) 444-2911","street":"142 Beard Street","city":"Choctaw","state":"Arkansas, 3950"},{"name":"Norman Mcneil","age":49,"gender":"male","email":"normanmcneil@automon.com","phone":"+1 (808) 588-2299","street":"825 Herbert Street","city":"Onton","state":"Alabama, 2822"},{"name":"Cooper Butler","age":32,"gender":"male","email":"cooperbutler@automon.com","phone":"+1 (816) 522-2528","street":"645 Grant Avenue","city":"Wollochet","state":"Northern Mariana Islands, 4860"},{"name":"Leanna Singleton","age":56,"gender":"female","email":"leannasingleton@automon.com","phone":"+1 (970) 406-2349","street":"400 Metrotech Courtr","city":"Richford","state":"Nebraska, 4005"},{"name":"Eloise Mcleod","age":56,"gender":"female","email":"eloisemcleod@automon.com","phone":"+1 (899) 517-3563","street":"503 Polhemus Place","city":"Warren","state":"Illinois, 9271"},{"name":"Aline Roberts","age":68,"gender":"female","email":"alineroberts@automon.com","phone":"+1 (884) 557-2968","street":"440 Juliana Place","city":"Witmer","state":"Minnesota, 8351"},{"name":"Kelsey Dalton","age":58,"gender":"female","email":"kelseydalton@automon.com","phone":"+1 (915) 406-3039","street":"647 Emerson Place","city":"Grimsley","state":"Oklahoma, 844"},{"name":"Le Griffin","age":52,"gender":"male","email":"legriffin@automon.com","phone":"+1 (815) 483-3121","street":"641 Canarsie Road","city":"Sanborn","state":"Utah, 2056"},{"name":"Sargent Barnett","age":55,"gender":"male","email":"sargentbarnett@automon.com","phone":"+1 (882) 508-2156","street":"637 Grimes Road","city":"Interlochen","state":"Virgin Islands, 4872"},{"name":"Spears Hooper","age":29,"gender":"male","email":"spearshooper@automon.com","phone":"+1 (848) 480-2835","street":"296 Evans Street","city":"Loyalhanna","state":"District Of Columbia, 3170"},{"name":"Sears Mercer","age":36,"gender":"male","email":"searsmercer@automon.com","phone":"+1 (808) 527-3539","street":"623 Carlton Avenue","city":"Loomis","state":"West Virginia, 4351"},{"name":"Mallory Byers","age":38,"gender":"female","email":"mallorybyers@automon.com","phone":"+1 (907) 538-2119","street":"776 Boerum Place","city":"Noblestown","state":"Nevada, 1492"},{"name":"Donna Summers","age":51,"gender":"female","email":"donnasummers@automon.com","phone":"+1 (987) 581-2025","street":"289 Linden Street","city":"Orin","state":"New York, 4180"},{"name":"Marci Berger","age":71,"gender":"female","email":"marciberger@automon.com","phone":"+1 (988) 524-3518","street":"540 Williams Avenue","city":"Herbster","state":"Alaska, 9312"},{"name":"Oliver Cummings","age":59,"gender":"male","email":"olivercummings@automon.com","phone":"+1 (956) 597-2302","street":"500 Doughty Street","city":"Gibbsville","state":"South Carolina, 9153"},{"name":"Eileen Daugherty","age":72,"gender":"female","email":"eileendaugherty@automon.com","phone":"+1 (851) 416-2478","street":"481 Guernsey Street","city":"Chumuckla","state":"New Mexico, 1549"},{"name":"Hess Cohen","age":46,"gender":"male","email":"hesscohen@automon.com","phone":"+1 (964) 556-3113","street":"267 Woods Place","city":"Drummond","state":"Washington, 9006"},{"name":"Annette Kirby","age":41,"gender":"female","email":"annettekirby@automon.com","phone":"+1 (863) 507-2811","street":"663 Nolans Lane","city":"Singer","state":"Massachusetts, 1370"},{"name":"William Kerr","age":43,"gender":"male","email":"williamkerr@automon.com","phone":"+1 (844) 600-2278","street":"692 Arkansas Drive","city":"Hollins","state":"Kentucky, 882"},{"name":"Patricia Sellers","age":39,"gender":"female","email":"patriciasellers@automon.com","phone":"+1 (881) 499-2078","street":"213 Agate Court","city":"Falconaire","state":"Michigan, 8148"},{"name":"Wooten Hubbard","age":18,"gender":"male","email":"wootenhubbard@automon.com","phone":"+1 (835) 469-3805","street":"532 Columbia Street","city":"Outlook","state":"Rhode Island, 389"},{"name":"Dotson Combs","age":37,"gender":"male","email":"dotsoncombs@automon.com","phone":"+1 (802) 589-3282","street":"300 Albee Square","city":"Temperanceville","state":"Mississippi, 6562"},{"name":"Aimee Hendrix","age":51,"gender":"female","email":"aimeehendrix@automon.com","phone":"+1 (860) 513-3098","street":"155 Schenck Street","city":"Blanford","state":"Guam, 5134"},{"name":"Sonya Atkins","age":45,"gender":"female","email":"sonyaatkins@automon.com","phone":"+1 (915) 535-3200","street":"522 Vanderbilt Avenue","city":"Needmore","state":"Ohio, 4259"}]