{
  "moduleName": "bankcheque",
  "functionName": "generatechqprintfile",
  "transactionName": "update",
  "subTransactionName": "TRANSACT_CHANGE_PRINT_LOCATION",
  "userBean": {
    "userId": "1355644",
    "userName": "suresh",
    "userCountry": "IN",
    "userCity": "BOM",
    "userCurrency": "INR",
    "userCountryDateFormat": "dd/MM/yyyy"
  },
  "dataObject": {
    "chqBatchRef": "3202569",
    "printSiteCode": "AMR"
  },
  "exceptionObject": {
    "exceptionType": "INFO",
    "exceptionCode": "GN_INFO_1000",
    "exceptionMessage": "Record(s) saved successfully"
  },
  "paginationReqd": true
}