{
  "moduleName": "bankcheque",
  "functionName": "generatechqprintfile",
  "transactionName": "retrieve",
  "subTransactionName": "LOAD_PRINT_CHQFILE_RECORDS",
  "userBean": {
    "userId": "111",
    "userName": "sample",
    "userCountry": "MY",
    "userState": "KN",
    "userCity": "KUL",
    "userLocale": "PU",
    "userCurrency": "MYR",
    "userDepartment": "Dept",
    "userRole": "M",
    "userBankCode": "BC",
    "userBranchCode": "BRC",
    "userBranchSubCode": "BRSC",
    "userLastLoginTimestamp": "13/07/2016 11:10",
    "userLastLogoutTimestamp": "13/07/2016 12:00",
    "userCountryDateFormat": "dd/MM/yyyy"
  },
  "dataObject": [
    {
      "chqPrintRef": 1,
      "printConfigName": "CHE_CUR",
      "paymentInfo": "[[IN20843,C0000018,1,LBC,BA]]",
      "noOfChqs": 1,
      "totalChqsGenerated": 2,
      "unRecognizedChars": "N",
      "largeAmount": "Y",
      "chqGenInitiatedOn": "16-MAR-2017 10:28:59",
      "generatedStatus": "Ready for Printing",
      "totalCount": 1
    },
    {
      "chqPrintRef": 1,
      "printConfigName": "CHE_CUR",
      "paymentInfo": "[[IN20843,C0000018,1,LBC,BA]]",
      "noOfChqs": 1,
      "totalChqsGenerated": 2,
      "unRecognizedChars": "N",
      "largeAmount": "Y",
      "chqGenInitiatedOn": "16-MAR-2017 10:28:59",
      "generatedStatus": "Ready for Printing",
      "totalCount": 1
    },
    {
      "chqPrintRef": 1,
      "printConfigName": "CHE_CUR",
      "paymentInfo": "[[IN20843,C0000018,1,LBC,BA]]",
      "noOfChqs": 1,
      "totalChqsGenerated": 2,
      "unRecognizedChars": "N",
      "largeAmount": "Y",
      "chqGenInitiatedOn": "16-MAR-2017 10:28:59",
      "generatedStatus": "Ready for Printing",
      "totalCount": 1
    }
   ,{
      "chqPrintRef": 1,
      "printConfigName": "CHE_CUR",
      "paymentInfo": "[[IN20843,C0000018,1,LBC,BA]]",
      "noOfChqs": 1,
      "totalChqsGenerated": 2,
      "unRecognizedChars": "N",
      "largeAmount": "Y",
      "chqGenInitiatedOn": "16-MAR-2017 10:28:59",
      "generatedStatus": "Ready for Printing",
      "totalCount": 1
    },{
      "chqPrintRef": 1,
      "printConfigName": "CHE_CUR",
      "paymentInfo": "[[IN20843,C0000018,1,LBC,BA]]",
      "noOfChqs": 1,
      "totalChqsGenerated": 2,
      "unRecognizedChars": "N",
      "largeAmount": "Y",
      "chqGenInitiatedOn": "16-MAR-2017 10:28:59",
      "generatedStatus": "Ready for Printing",
      "totalCount": 1
    },{
      "chqPrintRef": 1,
      "printConfigName": "CHE_CUR",
      "paymentInfo": "[[IN20843,C0000018,1,LBC,BA]]",
      "noOfChqs": 1,
      "totalChqsGenerated": 2,
      "unRecognizedChars": "N",
      "largeAmount": "Y",
      "chqGenInitiatedOn": "16-MAR-2017 10:28:59",
      "generatedStatus": "Ready for Printing",
      "totalCount": 1
    },{
      "chqPrintRef": 1,
      "printConfigName": "CHE_CUR",
      "paymentInfo": "[[IN20843,C0000018,1,LBC,BA]]",
      "noOfChqs": 1,
      "totalChqsGenerated": 2,
      "unRecognizedChars": "N",
      "largeAmount": "Y",
      "chqGenInitiatedOn": "16-MAR-2017 10:28:59",
      "generatedStatus": "Ready for Printing",
      "totalCount": 1
    },{
      "chqPrintRef": 1,
      "printConfigName": "CHE_CUR",
      "paymentInfo": "[[IN20843,C0000018,1,LBC,BA]]",
      "noOfChqs": 1,
      "totalChqsGenerated": 2,
      "unRecognizedChars": "N",
      "largeAmount": "Y",
      "chqGenInitiatedOn": "16-MAR-2017 10:28:59",
      "generatedStatus": "Ready for Printing",
      "totalCount": 1
    }
    ,{
      "chqPrintRef": 1,
      "printConfigName": "CHE_CUR",
      "paymentInfo": "[[IN20843,C0000018,1,LBC,BA]]",
      "noOfChqs": 1,
      "totalChqsGenerated": 2,
      "unRecognizedChars": "N",
      "largeAmount": "Y",
      "chqGenInitiatedOn": "16-MAR-2017 10:28:59",
      "generatedStatus": "Ready for Printing",
      "totalCount": 1
    },{
      "chqPrintRef": 1,
      "printConfigName": "CHE_CUR",
      "paymentInfo": "[[IN20843,C0000018,1,LBC,BA]]",
      "noOfChqs": 1,
      "totalChqsGenerated": 2,
      "unRecognizedChars": "N",
      "largeAmount": "Y",
      "chqGenInitiatedOn": "16-MAR-2017 10:28:59",
      "generatedStatus": "Ready for Printing",
      "totalCount": 1
    },{
      "chqPrintRef": 1,
      "printConfigName": "CHE_CUR",
      "paymentInfo": "[[IN20843,C0000018,1,LBC,BA]]",
      "noOfChqs": 1,
      "totalChqsGenerated": 2,
      "unRecognizedChars": "N",
      "largeAmount": "Y",
      "chqGenInitiatedOn": "16-MAR-2017 10:28:59",
      "generatedStatus": "Ready for Printing",
      "totalCount": 1
    },{
      "chqPrintRef": 1,
      "printConfigName": "CHE_CUR",
      "paymentInfo": "[[IN20843,C0000018,1,LBC,BA]]",
      "noOfChqs": 1,
      "totalChqsGenerated": 2,
      "unRecognizedChars": "N",
      "largeAmount": "Y",
      "chqGenInitiatedOn": "16-MAR-2017 10:28:59",
      "generatedStatus": "Ready for Printing",
      "totalCount": 1
    },{
      "chqPrintRef": 1,
      "printConfigName": "CHE_CUR",
      "paymentInfo": "[[IN20843,C0000018,1,LBC,BA]]",
      "noOfChqs": 1,
      "totalChqsGenerated": 2,
      "unRecognizedChars": "N",
      "largeAmount": "Y",
      "chqGenInitiatedOn": "16-MAR-2017 10:28:59",
      "generatedStatus": "Ready for Printing",
      "totalCount": 1
    },{
      "chqPrintRef": 1,
      "printConfigName": "CHE_CUR",
      "paymentInfo": "[[IN20843,C0000018,1,LBC,BA]]",
      "noOfChqs": 1,
      "totalChqsGenerated": 2,
      "unRecognizedChars": "N",
      "largeAmount": "Y",
      "chqGenInitiatedOn": "16-MAR-2017 10:28:59",
      "generatedStatus": "Ready for Printing",
      "totalCount": 1
    },{
      "chqPrintRef": 1,
      "printConfigName": "CHE_CUR",
      "paymentInfo": "[[IN20843,C0000018,1,LBC,BA]]",
      "noOfChqs": 1,
      "totalChqsGenerated": 2,
      "unRecognizedChars": "N",
      "largeAmount": "Y",
      "chqGenInitiatedOn": "16-MAR-2017 10:28:59",
      "generatedStatus": "Ready for Printing",
      "totalCount": 1
    }
  ],
  "exceptionObject": {
    "exceptionType": "INFO",
    "exceptionCode": "GN_INFO_1000",
    "exceptionMessage": "Record(s) saved successfully"
  },
  "paginationReqd": true,
  "pagination": {
    "pageNumber": 1,
    "pageSize": 10,
    "totalCount": 50
  }
}