{"moduleName":"bankcheque","functionName":"generatechqprintfile","subFunctionName":"","transactionName":"retrieve","subTransactionName":"detail","userBean":{"userId":"111","userName":"sample","userCountry":"IN","userState":"KN","userCity":"BOM","userLocale":"PU","userCurrency":"INR","userLanguage":"ENG","userDepartment":"Dept","userRole":"M","userBankCode":"BC","userBranchCode":"BRC","userBranchSubCode":"BRSC","userLastLoginTimestamp":"13/07/2016 11:10","userLastLogoutTimestamp":"13/07/2016 12:00","userCountryDateFormat":"dd/MM/yyyy"},"dataObject":[{"pymtRef":"Q2158481","custRef":"TXN_CUSTREF_D3","payeeName1":"BENE NAME FOR DFS PHASE II10  ","paymentamountUi":224.20,"chqNo":" "},{"pymtRef":"Q2158482","custRef":"TXN_CUSTREF_D3","payeeName1":"BENE NAME FOR DFS PHASE II10  ","paymentamountUi":224.20,"chqNo":" "},{"pymtRef":"Q2158483","custRef":"TXN_CUSTREF_D3","payeeName1":"BENE NAME FOR DFS PHASE II10  ","paymentamountUi":224.20,"chqNo":" "},{"pymtRef":"Q2158484","custRef":"TXN_CUSTREF_D3","payeeName1":"BENE NAME FOR DFS PHASE II10  ","paymentamountUi":224.20,"chqNo":" "},{"pymtRef":"Q2158485","custRef":"TXN_CUSTREF_D3","payeeName1":"BENE NAME FOR DFS PHASE II10  ","paymentamountUi":224.20,"chqNo":" "},{"pymtRef":"Q2158486","custRef":"TXN_CUSTREF_D3","payeeName1":"BENE NAME FOR DFS PHASE II10  ","paymentamountUi":224.20,"chqNo":" "}],"exceptionObject": {    "exceptionType": "INFO",    "exceptionCode": "GN_INFO_1000",    "exceptionMessage": ""  },"paginationReqd":true,"pagination":{"pageNumber":1,"pageSize":5,"totalCount":30}}
