{
  "moduleName": "bankcheque",
  "functionName": "generatechqprintfile",
  "transactionName": "retrieve",
  "subTransactionName": "LOAD_GENERATECHQ_PRINTFILE",
  "userBean": {
    "userId": "111",
    "userName": "sample",
    "userCountry": "IN",
    "userState": "KN",
    "userCity": "BOM",
    "userLocale": "PU",
    "userCurrency": "INR",
    "userLanguage": "ENG",
    "userDepartment": "Dept",
    "userRole": "M",
    "userBankCode": "BC",
    "userBranchCode": "BRC",
    "userBranchSubCode": "BRSC",
    "userLastLoginTimestamp": "13/07/2016 11:10",
    "userLastLogoutTimestamp": "13/07/2016 12:00",
    "userCountryDateFormat": "dd/MM/yyyy"
  },
  "dataObject": [
    {
      "custId": "INIBK01",
      "chqBatchRef": "C0001",
      "batchRef": "A0000268",
      "jasperCust": "N",
      "pymtRef": "A0000268",
      "statusDesc": "Outrward payment response not received from CS - timed out",
      "receivedDate": "06/04/2016 20:05:25",
      "capturedDate": "06/04/2016 20:07:53",
      "rejectedReason": "Request completed successfully",
      "pymtType": "ACH",
      "subPymtType": "OC",
      "procMode": "ON",
      "drCcy": "INR",
      "drAmt": "             101.00",
      "pymtCcy": "INR",
      "pymtAmt": "             101.00",
      "pymtAmtBce": "               0.00",
      "channelId": "IBK",
      "drAcNo": "22510040361",
      "payeeNameBo": "BHACHYSJROSRXHPWGZUWHBDBORTMUWZYWEN",
      "payeeAcNo": "9876543212",
      "countryCode": "IN",
      "cityCode": "BOM",
      "channelPymtRef": "1405-290931850000",
      "msgId": "19",
      "instructionId": "1405-290931850000",
      "statusCode": 470,
      "actionDetails": "Pending with Maker",
      "finalApproval": false,
      "totalCount": 37,
      "generationStatusFlag": "N",
      "docRefYn": "N"
    },
    {
      "custId": "INIBK02",
      "chqBatchRef": "C0002",
      "batchRef": "A0000270",
      "jasperCust": "Y",
      "pymtRef": "A0000270",
      "statusDesc": "Outrward payment response not received from CS - timed out",
      "receivedDate": "06/04/2016 20:06:38",
      "capturedDate": "06/04/2016 20:09:02",
      "rejectedReason": "Request completed successfully",
      "pymtType": "ACH",
      "subPymtType": "OC",
      "procMode": "ON",
      "drCcy": "INR",
      "drAmt": "             101.00",
      "pymtCcy": "INR",
      "pymtAmt": "             101.00",
      "pymtAmtBce": "               0.00",
      "channelId": "IBK",
      "drAcNo": "22510040361",
      "payeeNameBo": "MXAPZERYFCAEXQEUKZBRUIQFPHCDQLJJIFG",
      "payeeAcNo": "7565785644",
      "countryCode": "IN",
      "cityCode": "BOM",
      "channelPymtRef": "1505-291012850300",
      "msgId": "20",
      "instructionId": "1505-291012850300",
      "statusCode": 470,
      "actionDetails": "Pending with Maker",
      "finalApproval": false,
      "totalCount": 37,
      "generationStatusFlag": "N",
      "docRefYn": "N"
    },
    {
      "custId": "INIBK03",
      "chqBatchRef": "C0003",
      "batchRef": "A0000294",
      "jasperCust": "N",
      "pymtRef": "A0000294",
      "statusDesc": "Outrward payment response not received from CS - timed out",
      "receivedDate": "07/04/2016 14:19:37",
      "capturedDate": "07/04/2016 14:22:01",
      "rejectedReason": "Request completed successfully",
      "pymtType": "ACH",
      "subPymtType": "OC",
      "procMode": "ON",
      "drCcy": "INR",
      "drAmt": "           1,111.00",
      "pymtCcy": "INR",
      "pymtAmt": "           1,111.00",
      "pymtAmtBce": "               0.00",
      "channelId": "IBK",
      "drAcNo": "22510040361",
      "payeeNameBo": "NNWOFUMTTZXZRGEMGNPTRFHZJADHXKAQGAG",
      "payeeAcNo": "5432342343",
      "countryCode": "IN",
      "cityCode": "BOM",
      "channelPymtRef": "1604-071421855800",
      "msgId": "31",
      "instructionId": "1604-071421855800",
      "statusCode": 470,
      "actionDetails": "Pending with Maker",
      "finalApproval": false,
      "totalCount": 37,
      "generationStatusFlag": "N",
      "docRefYn": "N"
    },
    {
      "custId": "INIBK04",
      "chqBatchRef": "C0004",
      "batchRef": "A0000322",
      "jasperCust": "Y",
      "pymtRef": "A0000322",
      "statusDesc": "Outrward payment response not received from CS - timed out",
      "receivedDate": "07/04/2016 18:42:31",
      "capturedDate": "07/04/2016 18:44:57",
      "rejectedReason": "Request completed successfully",
      "pymtType": "ACH",
      "subPymtType": "OC",
      "procMode": "ON",
      "drCcy": "INR",
      "drAmt": "             101.00",
      "pymtCcy": "INR",
      "pymtAmt": "             101.00",
      "pymtAmtBce": "               0.00",
      "channelId": "IBK",
      "drAcNo": "22510040361",
      "payeeNameBo": "UEGPQKLILAPNPDMFVLQSOHVXINYFOFHSNIG",
      "payeeAcNo": "5432342343",
      "countryCode": "IN",
      "cityCode": "BOM",
      "channelPymtRef": "1505-290847864400",
      "msgId": "43",
      "instructionId": "1505-290847864400",
      "statusCode": 65,
      "actionDetails": "Pending with Maker",
      "finalApproval": false,
      "totalCount": 37,
      "generationStatusFlag": "Y",
      "docRefYn": "N"
    },
    {
      "custId": "INIBK05",
      "chqBatchRef": "C0005",
      "batchRef": "A0000324",
      "jasperCust": "N",
      "pymtRef": "A0000324",
      "statusDesc": "Outrward payment response not received from CS - timed out",
      "receivedDate": "07/04/2016 18:51:54",
      "capturedDate": "07/04/2016 18:54:17",
      "rejectedReason": "Request completed successfully",
      "pymtType": "ACH",
      "subPymtType": "OC",
      "procMode": "ON",
      "drCcy": "INR",
      "drAmt": "             103.00",
      "pymtCcy": "INR",
      "pymtAmt": "             103.00",
      "pymtAmtBce": "               0.00",
      "channelId": "IBK",
      "drAcNo": "22510040361",
      "payeeNameBo": "WPLUXNNIZPRZKUXYHEPAVOVOFPCZJOZVEPM",
      "payeeAcNo": "7565785644",
      "countryCode": "IN",
      "cityCode": "BOM",
      "channelPymtRef": "1505-290856864600",
      "msgId": "44",
      "instructionId": "1505-290856864600",
      "statusCode": 70,
      "actionDetails": "Pending with Maker",
      "finalApproval": false,
      "totalCount": 37,
      "generationStatusFlag": "Y",
      "docRefYn": "N"
    },
    {
      "custId": "INIBK01",
      "chqBatchRef": "C0001",
      "batchRef": "A0000268",
      "jasperCust": "N",
      "pymtRef": "A0000268",
      "statusDesc": "Outrward payment response not received from CS - timed out",
      "receivedDate": "06/04/2016 20:05:25",
      "capturedDate": "06/04/2016 20:07:53",
      "rejectedReason": "Request completed successfully",
      "pymtType": "ACH",
      "subPymtType": "OC",
      "procMode": "ON",
      "drCcy": "INR",
      "drAmt": "             101.00",
      "pymtCcy": "INR",
      "pymtAmt": "             101.00",
      "pymtAmtBce": "               0.00",
      "channelId": "IBK",
      "drAcNo": "22510040361",
      "payeeNameBo": "BHACHYSJROSRXHPWGZUWHBDBORTMUWZYWEN",
      "payeeAcNo": "9876543212",
      "countryCode": "IN",
      "cityCode": "BOM",
      "channelPymtRef": "1405-290931850000",
      "msgId": "19",
      "instructionId": "1405-290931850000",
      "statusCode": 470,
      "actionDetails": "Pending with Maker",
      "finalApproval": false,
      "totalCount": 37,
      "generationStatusFlag": "N",
      "docRefYn": "N"
    },
    {
      "custId": "INIBK02",
      "chqBatchRef": "C0002",
      "batchRef": "A0000270",
      "jasperCust": "Y",
      "pymtRef": "A0000270",
      "statusDesc": "Outrward payment response not received from CS - timed out",
      "receivedDate": "06/04/2016 20:06:38",
      "capturedDate": "06/04/2016 20:09:02",
      "rejectedReason": "Request completed successfully",
      "pymtType": "ACH",
      "subPymtType": "OC",
      "procMode": "ON",
      "drCcy": "INR",
      "drAmt": "             101.00",
      "pymtCcy": "INR",
      "pymtAmt": "             101.00",
      "pymtAmtBce": "               0.00",
      "channelId": "IBK",
      "drAcNo": "22510040361",
      "payeeNameBo": "MXAPZERYFCAEXQEUKZBRUIQFPHCDQLJJIFG",
      "payeeAcNo": "7565785644",
      "countryCode": "IN",
      "cityCode": "BOM",
      "channelPymtRef": "1505-291012850300",
      "msgId": "20",
      "instructionId": "1505-291012850300",
      "statusCode": 470,
      "actionDetails": "Pending with Maker",
      "finalApproval": false,
      "totalCount": 37,
      "generationStatusFlag": "N",
      "docRefYn": "N"
    },
    {
      "custId": "INIBK03",
      "chqBatchRef": "C0003",
      "batchRef": "A0000294",
      "jasperCust": "N",
      "pymtRef": "A0000294",
      "statusDesc": "Outrward payment response not received from CS - timed out",
      "receivedDate": "07/04/2016 14:19:37",
      "capturedDate": "07/04/2016 14:22:01",
      "rejectedReason": "Request completed successfully",
      "pymtType": "ACH",
      "subPymtType": "OC",
      "procMode": "ON",
      "drCcy": "INR",
      "drAmt": "           1,111.00",
      "pymtCcy": "INR",
      "pymtAmt": "           1,111.00",
      "pymtAmtBce": "               0.00",
      "channelId": "IBK",
      "drAcNo": "22510040361",
      "payeeNameBo": "NNWOFUMTTZXZRGEMGNPTRFHZJADHXKAQGAG",
      "payeeAcNo": "5432342343",
      "countryCode": "IN",
      "cityCode": "BOM",
      "channelPymtRef": "1604-071421855800",
      "msgId": "31",
      "instructionId": "1604-071421855800",
      "statusCode": 470,
      "actionDetails": "Pending with Maker",
      "finalApproval": false,
      "totalCount": 37,
      "generationStatusFlag": "N",
      "docRefYn": "N"
    },
    {
      "custId": "INIBK04",
      "chqBatchRef": "C0004",
      "batchRef": "A0000322",
      "jasperCust": "Y",
      "pymtRef": "A0000322",
      "statusDesc": "Outrward payment response not received from CS - timed out",
      "receivedDate": "07/04/2016 18:42:31",
      "capturedDate": "07/04/2016 18:44:57",
      "rejectedReason": "Request completed successfully",
      "pymtType": "ACH",
      "subPymtType": "OC",
      "procMode": "ON",
      "drCcy": "INR",
      "drAmt": "             101.00",
      "pymtCcy": "INR",
      "pymtAmt": "             101.00",
      "pymtAmtBce": "               0.00",
      "channelId": "IBK",
      "drAcNo": "22510040361",
      "payeeNameBo": "UEGPQKLILAPNPDMFVLQSOHVXINYFOFHSNIG",
      "payeeAcNo": "5432342343",
      "countryCode": "IN",
      "cityCode": "BOM",
      "channelPymtRef": "1505-290847864400",
      "msgId": "43",
      "instructionId": "1505-290847864400",
      "statusCode": 65,
      "actionDetails": "Pending with Maker",
      "finalApproval": false,
      "totalCount": 37,
      "generationStatusFlag": "Y",
      "docRefYn": "N"
    },
    {
      "custId": "INIBK05",
      "chqBatchRef": "C0005",
      "batchRef": "A0000324",
      "jasperCust": "N",
      "pymtRef": "A0000324",
      "statusDesc": "Outrward payment response not received from CS - timed out",
      "receivedDate": "07/04/2016 18:51:54",
      "capturedDate": "07/04/2016 18:54:17",
      "rejectedReason": "Request completed successfully",
      "pymtType": "ACH",
      "subPymtType": "OC",
      "procMode": "ON",
      "drCcy": "INR",
      "drAmt": "             103.00",
      "pymtCcy": "INR",
      "pymtAmt": "             103.00",
      "pymtAmtBce": "               0.00",
      "channelId": "IBK",
      "drAcNo": "22510040361",
      "payeeNameBo": "WPLUXNNIZPRZKUXYHEPAVOVOFPCZJOZVEPM",
      "payeeAcNo": "7565785644",
      "countryCode": "IN",
      "cityCode": "BOM",
      "channelPymtRef": "1505-290856864600",
      "msgId": "44",
      "instructionId": "1505-290856864600",
      "statusCode": 70,
      "actionDetails": "Pending with Maker",
      "finalApproval": false,
      "totalCount": 37,
      "generationStatusFlag": "Y",
      "docRefYn": "N"
    },
    {
      "custId": "INIBK01",
      "chqBatchRef": "C0001",
      "batchRef": "A0000268",
      "jasperCust": "N",
      "pymtRef": "A0000268",
      "statusDesc": "Outrward payment response not received from CS - timed out",
      "receivedDate": "06/04/2016 20:05:25",
      "capturedDate": "06/04/2016 20:07:53",
      "rejectedReason": "Request completed successfully",
      "pymtType": "ACH",
      "subPymtType": "OC",
      "procMode": "ON",
      "drCcy": "INR",
      "drAmt": "             101.00",
      "pymtCcy": "INR",
      "pymtAmt": "             101.00",
      "pymtAmtBce": "               0.00",
      "channelId": "IBK",
      "drAcNo": "22510040361",
      "payeeNameBo": "BHACHYSJROSRXHPWGZUWHBDBORTMUWZYWEN",
      "payeeAcNo": "9876543212",
      "countryCode": "IN",
      "cityCode": "BOM",
      "channelPymtRef": "1405-290931850000",
      "msgId": "19",
      "instructionId": "1405-290931850000",
      "statusCode": 470,
      "actionDetails": "Pending with Maker",
      "finalApproval": false,
      "totalCount": 37,
      "generationStatusFlag": "N",
      "docRefYn": "N"
    },
    {
      "custId": "INIBK02",
      "chqBatchRef": "C0002",
      "batchRef": "A0000270",
      "jasperCust": "Y",
      "pymtRef": "A0000270",
      "statusDesc": "Outrward payment response not received from CS - timed out",
      "receivedDate": "06/04/2016 20:06:38",
      "capturedDate": "06/04/2016 20:09:02",
      "rejectedReason": "Request completed successfully",
      "pymtType": "ACH",
      "subPymtType": "OC",
      "procMode": "ON",
      "drCcy": "INR",
      "drAmt": "             101.00",
      "pymtCcy": "INR",
      "pymtAmt": "             101.00",
      "pymtAmtBce": "               0.00",
      "channelId": "IBK",
      "drAcNo": "22510040361",
      "payeeNameBo": "MXAPZERYFCAEXQEUKZBRUIQFPHCDQLJJIFG",
      "payeeAcNo": "7565785644",
      "countryCode": "IN",
      "cityCode": "BOM",
      "channelPymtRef": "1505-291012850300",
      "msgId": "20",
      "instructionId": "1505-291012850300",
      "statusCode": 470,
      "actionDetails": "Pending with Maker",
      "finalApproval": false,
      "totalCount": 37,
      "generationStatusFlag": "N",
      "docRefYn": "N"
    },
    {
      "custId": "INIBK03",
      "chqBatchRef": "C0003",
      "batchRef": "A0000294",
      "jasperCust": "N",
      "pymtRef": "A0000294",
      "statusDesc": "Outrward payment response not received from CS - timed out",
      "receivedDate": "07/04/2016 14:19:37",
      "capturedDate": "07/04/2016 14:22:01",
      "rejectedReason": "Request completed successfully",
      "pymtType": "ACH",
      "subPymtType": "OC",
      "procMode": "ON",
      "drCcy": "INR",
      "drAmt": "           1,111.00",
      "pymtCcy": "INR",
      "pymtAmt": "           1,111.00",
      "pymtAmtBce": "               0.00",
      "channelId": "IBK",
      "drAcNo": "22510040361",
      "payeeNameBo": "NNWOFUMTTZXZRGEMGNPTRFHZJADHXKAQGAG",
      "payeeAcNo": "5432342343",
      "countryCode": "IN",
      "cityCode": "BOM",
      "channelPymtRef": "1604-071421855800",
      "msgId": "31",
      "instructionId": "1604-071421855800",
      "statusCode": 470,
      "actionDetails": "Pending with Maker",
      "finalApproval": false,
      "totalCount": 37,
      "generationStatusFlag": "N",
      "docRefYn": "N"
    },
    {
      "custId": "INIBK04",
      "chqBatchRef": "C0004",
      "batchRef": "A0000322",
      "jasperCust": "Y",
      "pymtRef": "A0000322",
      "statusDesc": "Outrward payment response not received from CS - timed out",
      "receivedDate": "07/04/2016 18:42:31",
      "capturedDate": "07/04/2016 18:44:57",
      "rejectedReason": "Request completed successfully",
      "pymtType": "ACH",
      "subPymtType": "OC",
      "procMode": "ON",
      "drCcy": "INR",
      "drAmt": "             101.00",
      "pymtCcy": "INR",
      "pymtAmt": "             101.00",
      "pymtAmtBce": "               0.00",
      "channelId": "IBK",
      "drAcNo": "22510040361",
      "payeeNameBo": "UEGPQKLILAPNPDMFVLQSOHVXINYFOFHSNIG",
      "payeeAcNo": "5432342343",
      "countryCode": "IN",
      "cityCode": "BOM",
      "channelPymtRef": "1505-290847864400",
      "msgId": "43",
      "instructionId": "1505-290847864400",
      "statusCode": 65,
      "actionDetails": "Pending with Maker",
      "finalApproval": false,
      "totalCount": 37,
      "generationStatusFlag": "Y",
      "docRefYn": "N"
    },
    {
      "custId": "INIBK05",
      "chqBatchRef": "C0005",
      "batchRef": "A0000324",
      "jasperCust": "N",
      "pymtRef": "A0000324",
      "statusDesc": "Outrward payment response not received from CS - timed out",
      "receivedDate": "07/04/2016 18:51:54",
      "capturedDate": "07/04/2016 18:54:17",
      "rejectedReason": "Request completed successfully",
      "pymtType": "ACH",
      "subPymtType": "OC",
      "procMode": "ON",
      "drCcy": "INR",
      "drAmt": "             103.00",
      "pymtCcy": "INR",
      "pymtAmt": "             103.00",
      "pymtAmtBce": "               0.00",
      "channelId": "IBK",
      "drAcNo": "22510040361",
      "payeeNameBo": "WPLUXNNIZPRZKUXYHEPAVOVOFPCZJOZVEPM",
      "payeeAcNo": "7565785644",
      "countryCode": "IN",
      "cityCode": "BOM",
      "channelPymtRef": "1505-290856864600",
      "msgId": "44",
      "instructionId": "1505-290856864600",
      "statusCode": 70,
      "actionDetails": "Pending with Maker",
      "finalApproval": false,
      "totalCount": 37,
      "generationStatusFlag": "Y",
      "docRefYn": "N"
    },
    {
      "custId": "INIBK01",
      "chqBatchRef": "C0001",
      "batchRef": "A0000268",
      "jasperCust": "N",
      "pymtRef": "A0000268",
      "statusDesc": "Outrward payment response not received from CS - timed out",
      "receivedDate": "06/04/2016 20:05:25",
      "capturedDate": "06/04/2016 20:07:53",
      "rejectedReason": "Request completed successfully",
      "pymtType": "ACH",
      "subPymtType": "OC",
      "procMode": "ON",
      "drCcy": "INR",
      "drAmt": "             101.00",
      "pymtCcy": "INR",
      "pymtAmt": "             101.00",
      "pymtAmtBce": "               0.00",
      "channelId": "IBK",
      "drAcNo": "22510040361",
      "payeeNameBo": "BHACHYSJROSRXHPWGZUWHBDBORTMUWZYWEN",
      "payeeAcNo": "9876543212",
      "countryCode": "IN",
      "cityCode": "BOM",
      "channelPymtRef": "1405-290931850000",
      "msgId": "19",
      "instructionId": "1405-290931850000",
      "statusCode": 470,
      "actionDetails": "Pending with Maker",
      "finalApproval": false,
      "totalCount": 37,
      "generationStatusFlag": "N",
      "docRefYn": "N"
    },
    {
      "custId": "INIBK02",
      "chqBatchRef": "C0002",
      "batchRef": "A0000270",
      "jasperCust": "Y",
      "pymtRef": "A0000270",
      "statusDesc": "Outrward payment response not received from CS - timed out",
      "receivedDate": "06/04/2016 20:06:38",
      "capturedDate": "06/04/2016 20:09:02",
      "rejectedReason": "Request completed successfully",
      "pymtType": "ACH",
      "subPymtType": "OC",
      "procMode": "ON",
      "drCcy": "INR",
      "drAmt": "             101.00",
      "pymtCcy": "INR",
      "pymtAmt": "             101.00",
      "pymtAmtBce": "               0.00",
      "channelId": "IBK",
      "drAcNo": "22510040361",
      "payeeNameBo": "MXAPZERYFCAEXQEUKZBRUIQFPHCDQLJJIFG",
      "payeeAcNo": "7565785644",
      "countryCode": "IN",
      "cityCode": "BOM",
      "channelPymtRef": "1505-291012850300",
      "msgId": "20",
      "instructionId": "1505-291012850300",
      "statusCode": 470,
      "actionDetails": "Pending with Maker",
      "finalApproval": false,
      "totalCount": 37,
      "generationStatusFlag": "N",
      "docRefYn": "N"
    },
    {
      "custId": "INIBK03",
      "chqBatchRef": "C0003",
      "batchRef": "A0000294",
      "jasperCust": "N",
      "pymtRef": "A0000294",
      "statusDesc": "Outrward payment response not received from CS - timed out",
      "receivedDate": "07/04/2016 14:19:37",
      "capturedDate": "07/04/2016 14:22:01",
      "rejectedReason": "Request completed successfully",
      "pymtType": "ACH",
      "subPymtType": "OC",
      "procMode": "ON",
      "drCcy": "INR",
      "drAmt": "           1,111.00",
      "pymtCcy": "INR",
      "pymtAmt": "           1,111.00",
      "pymtAmtBce": "               0.00",
      "channelId": "IBK",
      "drAcNo": "22510040361",
      "payeeNameBo": "NNWOFUMTTZXZRGEMGNPTRFHZJADHXKAQGAG",
      "payeeAcNo": "5432342343",
      "countryCode": "IN",
      "cityCode": "BOM",
      "channelPymtRef": "1604-071421855800",
      "msgId": "31",
      "instructionId": "1604-071421855800",
      "statusCode": 470,
      "actionDetails": "Pending with Maker",
      "finalApproval": false,
      "totalCount": 37,
      "generationStatusFlag": "N",
      "docRefYn": "N"
    },
    {
      "custId": "INIBK04",
      "chqBatchRef": "C0004",
      "batchRef": "A0000322",
      "jasperCust": "Y",
      "pymtRef": "A0000322",
      "statusDesc": "Outrward payment response not received from CS - timed out",
      "receivedDate": "07/04/2016 18:42:31",
      "capturedDate": "07/04/2016 18:44:57",
      "rejectedReason": "Request completed successfully",
      "pymtType": "ACH",
      "subPymtType": "OC",
      "procMode": "ON",
      "drCcy": "INR",
      "drAmt": "             101.00",
      "pymtCcy": "INR",
      "pymtAmt": "             101.00",
      "pymtAmtBce": "               0.00",
      "channelId": "IBK",
      "drAcNo": "22510040361",
      "payeeNameBo": "UEGPQKLILAPNPDMFVLQSOHVXINYFOFHSNIG",
      "payeeAcNo": "5432342343",
      "countryCode": "IN",
      "cityCode": "BOM",
      "channelPymtRef": "1505-290847864400",
      "msgId": "43",
      "instructionId": "1505-290847864400",
      "statusCode": 65,
      "actionDetails": "Pending with Maker",
      "finalApproval": false,
      "totalCount": 37,
      "generationStatusFlag": "Y",
      "docRefYn": "N"
    },
    {
      "custId": "INIBK05",
      "chqBatchRef": "C0005",
      "batchRef": "A0000324",
      "jasperCust": "N",
      "pymtRef": "A0000324",
      "statusDesc": "Outrward payment response not received from CS - timed out",
      "receivedDate": "07/04/2016 18:51:54",
      "capturedDate": "07/04/2016 18:54:17",
      "rejectedReason": "Request completed successfully",
      "pymtType": "ACH",
      "subPymtType": "OC",
      "procMode": "ON",
      "drCcy": "INR",
      "drAmt": "             103.00",
      "pymtCcy": "INR",
      "pymtAmt": "             103.00",
      "pymtAmtBce": "               0.00",
      "channelId": "IBK",
      "drAcNo": "22510040361",
      "payeeNameBo": "WPLUXNNIZPRZKUXYHEPAVOVOFPCZJOZVEPM",
      "payeeAcNo": "7565785644",
      "countryCode": "IN",
      "cityCode": "BOM",
      "channelPymtRef": "1505-290856864600",
      "msgId": "44",
      "instructionId": "1505-290856864600",
      "statusCode": 70,
      "actionDetails": "Pending with Maker",
      "finalApproval": false,
      "totalCount": 37,
      "generationStatusFlag": "Y",
      "docRefYn": "N"
    }
  
  ],
  "exceptionObject": {
    "exceptionType": "INFO",
    "exceptionCode": "GN_INFO_1000",
    "exceptionMessage": "Record(s) saved successfully"
  },
  "templateId": "DEFAULT",
  "paginationReqd": true,
  "pagination": {
    "pageNumber": 1,
    "pageSize": 5,
    "totalCount": 20
  }
}