{
  "moduleName": "bankcheque",
  "functionName": "generatechqprintfile",
  "transactionName": "retrieve",
  "subTransactionName": "LOAD_SNF_HEADER_RECORDS",
  "userBean": {
    "userId": "111",
    "userName": "sample",
    "userCountry": "IN",
    "userState": "KN",
    "userCity": "BOM",
    "userLocale": "PU",
    "userCurrency": "INR",
    "userLanguage": "ENG",
    "userDepartment": "Dept",
    "userRole": "M",
    "userBankCode": "BC",
    "userBranchCode": "BRC",
    "userBranchSubCode": "BRSC",
    "userLastLoginTimestamp": "13/07/2016 11:10",
    "userLastLogoutTimestamp": "13/07/2016 12:00",
    "userCountryDateFormat": "dd/MM/yyyy"
  },
  "dataObject": [
    {
      "headerText": "Customer ID.",
      "hidden": false,
      "dataIndex": "custId"
    },
    {
      "headerText": "Cheque Batch Ref.",
      "hidden": false,
      "dataIndex": "chqBatchRef"
    },
    {
      "headerText": "Jasper Cust",
      "hidden": false,
      "dataIndex": "jasperCust"
    },
    {
      "headerText": "Cheque Print Reference",
      "hidden": false,
      "dataIndex": "chqPrintRef"
    },
    {
      "headerText": "Payment Reference",
      "hidden": false,
      "dataIndex": "pymtRef"
    },
    {
      "headerText": "Batch Reference",
      "hidden": false,
      "dataIndex": "batchRef"
    },
    {
      "headerText": "Status Description",
      "hidden": false,
      "dataIndex": "statusDesc"
    },
    {
      "headerText": "Receivde Date",
      "hidden": false,
      "dataIndex": "receivedDate"
    },
    {
      "headerText": "Captured Date",
      "hidden": false,
      "dataIndex": "capturedDate"
    },
    {
      "headerText": "Rejected Reason",
      "hidden": false,
      "dataIndex": "rejectedReason"
    },
    {
      "headerText": "Pymt Type",
      "hidden": false,
      "dataIndex": "pymtType"
    },
    {
      "headerText": "Sub Pymt Type",
      "hidden": false,
      "dataIndex": "subPymtType"
    },
    {
      "headerText": "Proc Mode",
      "hidden": false,
      "dataIndex": "procMode"
    },
    {
      "headerText": "Debit Currency",
      "hidden": false,
      "dataIndex": "drCcy"
    },
    {
      "headerText": "Debit Amount",
      "hidden": false,
      "dataIndex": "drAmt"
    },
    {
      "headerText": "Payment Currency",
      "hidden": false,
      "dataIndex": "pymtCcy"
    },
    {
      "headerText": "Payment Amount",
      "hidden": false,
      "dataIndex": "paymentamountUi"
    },
    {
      "headerText": "Debit Account Number",
      "hidden": false,
      "dataIndex": "drAcNo"
    },
    {
      "headerText": "Payee Name BO",
      "hidden": false,
      "dataIndex": "payeeNameBo"
    },
    {
      "headerText": "Payee Account Number",
      "hidden": false,
      "dataIndex": "payeeAcNo"
    },
    {
      "headerText": "Payee Bank Code",
      "hidden": false,
      "dataIndex": "payeeBankCode"
    },
    {
      "headerText": "Status Code",
      "hidden": false,
      "dataIndex": "statusCode"
    },
    {
      "headerText": "Payment amount Bce",
      "hidden": false,
      "dataIndex": "pymtAmtBce"
    },
    {
      "headerText": "Channel Id.",
      "hidden": false,
      "dataIndex": "channelId"
    },
    {
      "headerText": "Sender BIC",
      "hidden": false,
      "dataIndex": "senderBic"
    },
    {
      "headerText": "Instruction ID",
      "hidden": false,
      "dataIndex": "instructionId"
    },
    {
      "headerText": "Message ID",
      "hidden": false,
      "dataIndex": "msgId"
    },
    {
      "headerText": "RT Purpose Code",
      "hidden": false,
      "dataIndex": "purposeCode"
    },
    {
      "headerText": "Mandate ID",
      "hidden": false,
      "dataIndex": "mandateId"
    },
    {
      "headerText": "End to End ID",
      "hidden": false,
      "dataIndex": "channelPymtRef"
    },
    {
      "headerText": "Record Status",
      "hidden": false,
      "dataIndex": "actionDetails"
    },
    {
      "headerText": "Rejection Remarks",
      "hidden": false,
      "dataIndex": "rejectedComments"
    },
    {
      "headerText": "Generation Status Flag",
      "hidden": false,
      "dataIndex": "generationStatusFlag"
    },
    {
      "headerText": "Document Reference",
      "hidden": false,
      "dataIndex": "docRefYn"
    }
  ],
  "exceptionObject": {
    "exceptionType": "INFO",
    "exceptionCode": "GN_INFO_1000",
    "exceptionMessage": "Record(s) saved successfully"
  },
  "templateId": "DEFAULT",
  "paginationReqd": false
}