{"moduleName":"bankcheque","functionName":"generatechqprintfile","subFunctionName":"","transactionName":"retrieve","subTransactionName":"onload","userBean":{"userId":"111","userName":"sample","userCountry":"IN","userState":"KN","userCity":"BOM","userLocale":"PU","userCurrency":"INR","userLanguage":"ENG","userDepartment":"Dept","userRole":"M","userBankCode":"BC","userBranchCode":"BRC","userBranchSubCode":"BRSC","userLastLoginTimestamp":"13/07/2016 11:10","userLastLogoutTimestamp":"13/07/2016 12:00","userCountryDateFormat":"dd/MM/yyyy"},"dataObject":[{"chqBatchRef":3474595,"custId":"IN02091","pymtDate":"25/08/2016","totalPayeeBce":"5,001,000.00","clrZoneCode":"  ","draweeBankCode":" ","dlvMeth":"M","pickupLocCode":"   ","noOfPymt":1,"drAcName":"URXYDOOYYIZSQFFPNGDHFBOALOZFOJIRZED","printSiteCode":"BOM","statusCode":63,"dlvTo":"C","prePrintedChq":"N","stationeryRef":" ","countryCode":"IN","cityCode":"BOM","hash":"LBC  111111111111","docRefYn":"Y","custRef":" ","jasperCust":"N","sortingEnabled":"N","generationStatusFlag":"N","coAcNo":"111111111111","batchRef":"C3218281","sbatchNo":0,"pymtType":"LBC","pymtCcy":"INR"},{"chqBatchRef":123456,"custId":"IN02091","pymtDate":"25/08/2016","totalPayeeBce":"5,001,000.00","clrZoneCode":"  ","draweeBankCode":" ","dlvMeth":"M","pickupLocCode":"   ","noOfPymt":1,"drAcName":"URXYDOOYYIZSQFFPNGDHFBOALOZFOJIRZED","printSiteCode":"BOM","statusCode":63,"dlvTo":"C","prePrintedChq":"N","stationeryRef":" ","countryCode":"IN","cityCode":"BOM","hash":"LBC  111111111111","docRefYn":"N","custRef":" ","jasperCust":"N","sortingEnabled":"N","generationStatusFlag":"N","coAcNo":"111111111111","batchRef":"C3218281","sbatchNo":0,"pymtType":"VIS","pymtCcy":"INR"},{"chqBatchRef":34543,"custId":"IN02091","pymtDate":"25/08/2016","totalPayeeBce":"5,001,000.00","clrZoneCode":"  ","draweeBankCode":" ","dlvMeth":"M","pickupLocCode":"   ","noOfPymt":1,"drAcName":"URXYDOOYYIZSQFFPNGDHFBOALOZFOJIRZED","printSiteCode":"BOM","statusCode":63,"dlvTo":"C","prePrintedChq":"N","stationeryRef":" ","countryCode":"IN","cityCode":"BOM","hash":"LBC  111111111111","docRefYn":"N","custRef":" ","jasperCust":"N","sortingEnabled":"N","generationStatusFlag":"N","coAcNo":"111111111111","batchRef":"C3218281","sbatchNo":0,"pymtType":"VIS","pymtCcy":"INR"},{"chqBatchRef":56543,"custId":"IN02091","pymtDate":"25/08/2016","totalPayeeBce":"5,001,000.00","clrZoneCode":"  ","draweeBankCode":" ","dlvMeth":"M","pickupLocCode":"   ","noOfPymt":1,"drAcName":"URXYDOOYYIZSQFFPNGDHFBOALOZFOJIRZED","printSiteCode":"BOM","statusCode":63,"dlvTo":"C","prePrintedChq":"N","stationeryRef":" ","countryCode":"IN","cityCode":"BOM","hash":"LBC  111111111111","docRefYn":"N","custRef":" ","jasperCust":"N","sortingEnabled":"N","generationStatusFlag":"N","coAcNo":"111111111111","batchRef":"C3218281","sbatchNo":0,"pymtType":"IBC","pymtCcy":"INR"},{"chqBatchRef":4563,"custId":"IN02091","pymtDate":"25/08/2016","totalPayeeBce":"5,001,000.00","clrZoneCode":"  ","draweeBankCode":" ","dlvMeth":"M","pickupLocCode":"   ","noOfPymt":1,"drAcName":"URXYDOOYYIZSQFFPNGDHFBOALOZFOJIRZED","printSiteCode":"BOM","statusCode":63,"dlvTo":"C","prePrintedChq":"N","stationeryRef":" ","countryCode":"IN","cityCode":"BOM","hash":"LBC  111111111111","docRefYn":"Y","custRef":" ","jasperCust":"N","sortingEnabled":"N","generationStatusFlag":"N","coAcNo":"111111111111","batchRef":"C3218281","sbatchNo":0,"pymtType":"VIS","pymtCcy":"INR"},{"chqBatchRef":4563,"custId":"IN02091","pymtDate":"25/08/2016","totalPayeeBce":"5,001,000.00","clrZoneCode":"  ","draweeBankCode":" ","dlvMeth":"M","pickupLocCode":"   ","noOfPymt":1,"drAcName":"URXYDOOYYIZSQFFPNGDHFBOALOZFOJIRZED","printSiteCode":"BOM","statusCode":63,"dlvTo":"C","prePrintedChq":"N","stationeryRef":" ","countryCode":"IN","cityCode":"BOM","hash":"LBC  111111111111","docRefYn":"Y","custRef":" ","jasperCust":"N","sortingEnabled":"N","generationStatusFlag":"N","coAcNo":"111111111111","batchRef":"C3218281","sbatchNo":0,"pymtType":"VIS","pymtCcy":"INR"}],"exceptionObject": {    "exceptionType": "INFO",    "exceptionCode": "GN_INFO_1000",    "exceptionMessage": ""  },"pagination":{"pageNumber":1,"pageSize":10,"totalCount":0}}
