{
  "moduleName": "lookupservice",
  "functionName": "sortnfilter",
  "transactionName": "retrieve",
  "subTransactionName": "lookup.sortnfilter.loadtemplates",
  "userBean": {
    "userId": "111",
    "userName": "sample",
    "userCountry": "IN",
    "userState": "KN",
    "userCity": "BOM",
    "userLocale": "PU",
    "userCurrency": "INR",
    "userLanguage": "ENG",
    "userDepartment": "Dept",
    "userRole": "M",
    "userBankCode": "BC",
    "userBranchCode": "BRC",
    "userBranchSubCode": "BRSC",
    "userLastLoginTimestamp": "13/07/2016 11:10",
    "userLastLogoutTimestamp": "13/07/2016 12:00",
    "userCountryDateFormat": "dd/MM/yyyy"
  },
  "dataObject": [
    [
      "DEFAULT",
      "DEFAULT"
    ],
    [
      "test",
      "test"
    ]
  ],"exceptionObject": {
    "exceptionType": "INFO",
    "exceptionCode": "GN_INFO_1000",
    "exceptionMessage": "Record(s) saved successfully"
  },
  
  "paginationReqd": true
}