{
  "moduleName": "lookupservice",
  "functionName": "printerselection",
  "transactionName": "retrieve",
  "subTransactionName": "lookup.printconfig",
  "userBean": {
    "userId": "INSUDMAA",
    "userCountry": "IN",
    "userCity": "BOM",
    "userCountryDateFormat": "dd/MM/yyyy"
  },
  "dataObject": [
    [
      "CHENNAI1",
      "CHENNAI1"
    ],
    [
      "sts",
      "sts"
    ],
	[
	  "cts",
	  "cts"
	],
	[
	  "pdf",
	  "pdf"
	]
	
  ],
  "exceptionObject": {
    "exceptionType": "INFO",
    "exceptionCode": "GN_INFO_1000",
    "exceptionMessage": "Record(s) saved successfully"
  },
  "paginationReqd": true
}