{
  "moduleName": "bankcheque",
  "functionName": "generatechqprintfile",
  "subFunctionName": "",
  "transactionName": "create",
  "subTransactionName": "regenerate",
  "userBean": {
    "userId": "111",
    "userName": "sample",
    "userCountry": "IN",
    "userState": "KN",
    "userCity": "BOM",
    "userLocale": "PU",
    "userCurrency": "INR",
    "userLanguage": "ENG",
    "userDepartment": "Dept",
    "userRole": "M",
    "userBankCode": "BC",
    "userBranchCode": "BRC",
    "userBranchSubCode": "BRSC",
    "userLastLoginTimestamp": "13/07/2016 11:10",
    "userLastLogoutTimestamp": "13/07/2016 12:00",
    "userCountryDateFormat": "dd-MM-yyyy"
  },
  "dataObject": [
    {
      "chqBatchRef": 3474616,
      "custId": "IN00437",
      "pymtDate": "21-09-2016",
      "totalPayeeBce": "10.00",
      "clrZoneCode": "  ",
      "draweeBankCode": " ",
      "dlvMeth": "M",
      "pickupLocCode": "   ",
      "noOfPymt": 1,
      "drAcName": "LDAMXASUKJQEWHSWGCOXTKPVDNDKPKPDZIG",
      "printSiteCode": "BOM",
      "statusCode": 65,
      "dlvTo": "C",
      "prePrintedChq": "N",
      "stationeryRef": " ",
      "countryCode": "IN",
      "cityCode": "BOM",
      "hash": "LBC  98",
      "docRefYn": "N",
      "custRef": " ",
      "jasperCust": "N",
      "sortingEnabled": "N",
      "generationStatusFlag": "Y",
      "coAcNo": "98",
      "batchRef": "C1168282",
      "sbatchNo": 2,
      "pymtType": "LBC",
      "pymtCcy": "INR",
      "pymtRef"="Q1168514",
      "chqNo"="",
      "RegenReason"="testing"
    }
  }
],
"exceptionObject": {
    "exceptionType": "INFO",
    "exceptionCode": "GN_INFO_1000",
    "exceptionMessage": "Record(s) saved successfully"
  },
"paginationReqd": true,
"pagination": {
  "pageNumber": 1,
  "pageSize": 10,
  "totalCount": 0
}
}