{"moduleName":"bankcheque","functionName":"printerselection","transactionName":"create","userBean":{"userId":"222","userCountry":"IN","userCity":"BOM","userRole":"CHECKER"},"dataObject":{"userId":"222","printConfigName":"js109","ctrlSheetPrinter":"ss","aiaDocPrinter":"ahh","hdrPagePrinter":"hi","chqPagePrinter":"21","chqPageTray":"23","ovrFlowTray":"4","countryCode":"IN","cityCode":"BOM","totalCount":0},"exceptionObject":{"exceptionType":"INFO","exceptionCode":"GN_INFO_1000","exceptionMessage":"Record(s) saved successfully"}}