{
  "moduleName": "lookupservice",
  "functionName": "generatechqprintfile",
  "transactionName": "retrieve",
  "subTransactionName": "lookup.defaultprintsitecode",
  "userBean": {
    "userId": "INSUDMAA",
    "userCountry": "IN",
    "userCity": "BOM",
    "userCountryDateFormat": "dd/MM/yyyy"
  },
  "dataObject": [
    [
      "MYJOH",
      "JOH"
    ],
    [
      "Kuala Lumpur",
      "KUL"
    ],
    [
      "MYPAN",
      "PAN"
    ],
    [
      "MYPET",
      "PET"
    ],
    [
      "MYPNA",
      "PNA"
    ],
    [
      "MYPNN",
      "PNN"
    ],
    [
      "MYSEP",
      "SEP"
    ]
  ],
  "exceptionObject": {
    "exceptionType": "INFO",
    "exceptionCode": "GN_INFO_1000",
    "exceptionMessage": "Record(s) saved successfully"
  },
  "paginationReqd": true
}