{
  "moduleName": "bankcheque",
  "functionName": "generatechqprintfile",
  "subFunctionName": "",
  "transactionName": "cretate",
  "subTransactionName": "sendtovendor",
  "userBean": {
    "userId": "111",
    "userName": "sample",
    "userCountry": "IN",
    "userState": "KN",
    "userCity": "BOM",
    "userLocale": "PU",
    "userCurrency": "INR",
    "userLanguage": "ENG",
    "userDepartment": "Dept",
    "userRole": "M",
    "userBankCode": "BC",
    "userBranchCode": "BRC",
    "userBranchSubCode": "BRSC",
    "userLastLoginTimestamp": "13/07/2016 11:10",
    "userLastLogoutTimestamp": "13/07/2016 12:00",
    "userCountryDateFormat": "dd-MM-yyyy"
  },
  "dataObject": [
    {
      "chqBatchRef": 3474616,
      "custId": "IN00437",
      "pymtDate": "21-09-2016",
      "totalPayeeBce": "10.00",
      "clrZoneCode": "  ",
      "draweeBankCode": " ",
      "dlvMeth": "M",
      "pickupLocCode": "   ",
      "noOfPymt": 1,
      "drAcName": "LDAMXASUKJQEWHSWGCOXTKPVDNDKPKPDZIG",
      "printSiteCode": "BOM",
      "statusCode": 65,
      "dlvTo": "C",
      "prePrintedChq": "N",
      "stationeryRef": " ",
      "countryCode": "IN",
      "cityCode": "BOM",
      "hash": "LBC  98",
      "docRefYn": "N",
      "custRef": " ",
      "jasperCust": "N",
      "sortingEnabled": "N",
      "generationStatusFlag": "Y",
      "coAcNo": "98",
      "batchRef": "C1168282",
      "sbatchNo": 2,
      "pymtType": "LBC",
      "pymtCcy": "INR"
    },
    {
      "chqBatchRef": 3474610,
      "custId": "IN00437",
      "pymtDate": "09-09-2016",
      "totalPayeeBce": "10.00",
      "clrZoneCode": "  ",
      "draweeBankCode": " ",
      "dlvMeth": "M",
      "pickupLocCode": "   ",
      "noOfPymt": 1,
      "drAcName": "LDAMXASUKJQEWHSWGCOXTKPVDNDKPKPDZIG",
      "printSiteCode": "BOM",
      "statusCode": 63,
      "dlvTo": "C",
      "prePrintedChq": "N",
      "stationeryRef": " ",
      "countryCode": "IN",
      "cityCode": "BOM",
      "hash": "LBC  0",
      "docRefYn": "N",
      "custRef": " ",
      "jasperCust": "N",
      "sortingEnabled": "N",
      "generationStatusFlag": "N",
      "coAcNo": "0",
      "batchRef": "C1058282",
      "sbatchNo": 5,
      "pymtType": "LBC",
      "pymtCcy": "INR"
    },
    {
      "chqBatchRef": 3474620,
      "custId": "IN00437",
      "pymtDate": "21-09-2016",
      "totalPayeeBce": "0.20",
      "clrZoneCode": "  ",
      "draweeBankCode": "SCBLSGSGXXX",
      "dlvMeth": "M",
      "pickupLocCode": "   ",
      "noOfPymt": 1,
      "drAcName": "LDAMXASUKJQEWHSWGCOXTKPVDNDKPKPDZIG",
      "printSiteCode": "BOM",
      "statusCode": 63,
      "dlvTo": "C",
      "prePrintedChq": "N",
      "stationeryRef": " ",
      "countryCode": "IN",
      "cityCode": "BOM",
      "hash": "IBCSCBLSGSGXXXSGD",
      "docRefYn": "N",
      "custRef": " ",
      "jasperCust": "N",
      "sortingEnabled": "N",
      "generationStatusFlag": "N",
      "coAcNo": "IN605412214016742",
      "batchRef": "C1168282",
      "sbatchNo": 6,
      "pymtType": "IBC",
      "pymtCcy": "SGD"
    }
  ],
  "exceptionObject": {
    "exceptionType": "INFO",
    "exceptionCode": "GN_INFO_1000",
    "exceptionMessage": "Record(s) saved successfully"
  },
  "paginationReqd": true,
  "pagination": {
    "pageNumber": 1,
    "pageSize": 10,
    "totalCount": 0
  }
}