<?xml version="1.0" encoding="UTF-8"?>
<beans:beans xmlns="http://www.springframework.org/schema/security"
	xmlns:beans="http://www.springframework.org/schema/beans" xmlns:xsi="http://www.w3.org/2001/XMLSchema-instance"
	xsi:schemaLocation="http://www.springframework.org/schema/security http://www.springframework.org/schema/security/spring-security.xsd
			http://www.springframework.org/schema/beans http://www.springframework.org/schema/beans/spring-beans.xsd">

	<!-- Configuring RoleVoter bean to use custom access roles, by default roles 
		should be in the form ROLE_{XXX} -->
	<beans:bean id="roleVoter"
		class="org.springframework.security.access.vote.RoleVoter">
		<beans:property name="rolePrefix" value=""></beans:property>
	</beans:bean>

	<beans:bean id="accessDecisionManager"
		class="org.springframework.security.access.vote.AffirmativeBased">
		<beans:constructor-arg name="decisionVoters"
			ref="roleVoter" />
	</beans:bean>

	<http authentication-manager-ref="in-memory-auth"
		access-decision-manager-ref="accessDecisionManager">	
		<!-- <intercept-url pattern="/emp/**" access="Admin" /> -->
		<form-login login-page="/login" authentication-failure-url="/denied"
			username-parameter="username" password-parameter="password"
			default-target-url="/home" />
		<logout invalidate-session="true" logout-success-url="/home"
			logout-url="/j_spring_security_logout" />
		<access-denied-handler error-page="/denied"/>
		<session-management invalid-session-url="/home">
			<concurrency-control max-sessions="1"
				expired-url="/home" />
		</session-management>
	</http>

	<authentication-manager id="in-memory-auth">
		<authentication-provider>
			<user-service>
				<user name="srikanth" password="srikanth12345" authorities="ROLE_ADMIN" />
			</user-service>
		</authentication-provider>
	</authentication-manager>

	<!-- <authentication-manager id="dao-auth">
		<authentication-provider user-service-ref="userDetailsService">
		</authentication-provider>
	</authentication-manager>

	<beans:bean id="userDetailsService"
		class="com.journaldev.spring.security.dao.AppUserDetailsServiceDAO" /> -->

	<!-- <authentication-manager id="jdbc-auth">
		<authentication-provider>
			<jdbc-user-service data-source-ref="dataSource"
				users-by-username-query="select username,password,enabled from Employees where username = ?"
				authorities-by-username-query="select username,role from Roles where username = ?" />
		</authentication-provider>
	</authentication-manager> -->

	<!-- MySQL DB DataSource -->
	<!-- <beans:bean id="dataSource"
		class="org.springframework.jdbc.datasource.DriverManagerDataSource">

		<beans:property name="driverClassName" value="com.mysql.jdbc.Driver" />
		<beans:property name="url"
			value="jdbc:mysql://localhost:3306/TestDB" />
		<beans:property name="username" value="pankaj" />
		<beans:property name="password" value="pankaj123" />
	</beans:bean> -->

	<!-- If DataSource is configured in Tomcat Servlet Container -->
	<!-- <beans:bean id="dbDataSource"
		class="org.springframework.jndi.JndiObjectFactoryBean">
		<beans:property name="jndiName" value="java:comp/env/jdbc/MyLocalDB" />
	</beans:bean> -->
</beans:beans>